{"arch": {"stem.linear_prep.1": [0, 0, 0, 1], "encoder.layer.layers.ops.0": [0, 0, 0, 0, 0, 1, 0], "head.layers.2": [1, 0, 0], "encoder.layer.layers": [1, 0, 0, 0], "decoder.layer.layers.repeated_layer": [1, 1], "decoder.layer.layers.repeated_layer.ops.0.self_attention.heads": [1, 1, 1, 1, 1, 1, 1, 1], "decoder.layer.layers.repeated_layer.ops.0.enc_attention.heads": [1, 1, 1, 1, 1, 1, 1, 1], "decoder.layer.layers.repeated_layer.ops.1.self_attention.heads": [1, 0, 0, 0, 0, 0, 0, 0], "decoder.layer.layers.repeated_layer.ops.1.enc_attention.heads": [1, 1, 1, 1, 0, 0, 0, 0], "stem.linear_prep.2": 1, "position_encoding": 0, "encoder": 1, "decoder": 1, "head.layers.1": 0}, "score": 0.8256648778915405, "arch_code": [0, 0, 0, 1, 1, 0, 1, 0, 0, 0, 0, 0, 0, 0, 0, 1, 0, 0, 0, 0, 0, 0, 0, 0, 0, 0, 0, 0, 0, 0, 0, 0, 0, 0, 0, 0, 0, 0, 0, 0, 0, 0, 0, 0, 0, 0, 0, 0, 0, 0, 0, 0, 0, 0, 0, 0, 0, 0, 0, 0, 0, 0, 0, 0, 0, 0, 0, 0, 0, 0, 1, 1, 1, 0, 0, 0, 0, 0, 0, 1, 0, 0, 0, 0, 0, 0, 1, 1, 1, 1, 1, 1, 1, 1, 1, 0, 0, 0, 0, 0, 0, 0, 1, 1, 1, 1, 1, 1, 1, 1, 1, 1, 1, 1, 0, 0, 0, 0, 0, 1, 0, 0]}