{"arch": {"stem.linear_prep.1": [1, 0, 0, 0], "encoder.layer.layers.ops.0": [0, 0, 0, 0, 0, 1, 0], "encoder.layer.layers.ops.1": [1, 0, 0, 0, 0, 0, 0], "head.layers.2": [0, 1, 0], "encoder.layer.layers": [1, 1, 0, 0], "encoder.layer.layers.ops.1.ops.0.split_layer.layers.0.heads": [1, 1, 1, 1, 1, 1, 1, 1], "stem.linear_prep.2": 1, "position_encoding": 1, "encoder": 1, "decoder": 0, "head.layers.1": 1}, "score": 0.8300646543502808, "arch_code": [1, 0, 0, 0, 1, 1, 1, 1, 0, 0, 0, 0, 0, 0, 0, 1, 0, 1, 0, 0, 0, 0, 0, 0, 0, 0, 0, 0, 0, 0, 0, 0, 0, 0, 0, 0, 0, 0, 0, 0, 0, 0, 0, 0, 0, 0, 1, 1, 1, 1, 1, 1, 1, 1, 0, 0, 0, 0, 0, 0, 0, 0, 0, 0, 0, 0, 0, 0, 0, 0, 0, 0, 0, 0, 0, 0, 0, 0, 0, 0, 0, 0, 0, 0, 0, 0, 0, 0, 0, 0, 0, 0, 0, 0, 0, 0, 0, 0, 0, 0, 0, 0, 0, 0, 0, 0, 0, 0, 0, 0, 0, 0, 0, 0, 0, 0, 0, 0, 1, 0, 1, 0]}