{"arch": {"stem.linear_prep.1": [0, 1, 0, 0], "encoder.layer.layers.ops.0": [0, 0, 0, 0, 0, 1, 0], "encoder.layer.layers.ops.1": [0, 0, 0, 0, 1, 0, 0], "encoder.layer.layers.ops.2": [0, 0, 1, 0, 0, 0, 0], "encoder.layer.layers.ops.3": [0, 0, 0, 0, 0, 1, 0], "head.layers.2": [0, 1, 0], "encoder.layer.layers": [1, 1, 1, 1], "encoder.layer.layers.ops.1.ops.4.split_layer.layers.0.heads": [1, 1, 1, 1, 1, 1, 1, 1], "stem.linear_prep.2": 0, "position_encoding": 1, "encoder": 1, "decoder": 0, "head.layers.1": 0}, "score": 0.7884211540222168, "arch_code": [0, 1, 0, 0, 0, 1, 1, 1, 1, 1, 0, 0, 0, 0, 0, 1, 0, 0, 0, 0, 0, 1, 0, 0, 0, 0, 1, 0, 0, 0, 0, 0, 0, 0, 0, 0, 1, 0, 0, 0, 0, 0, 0, 0, 0, 0, 1, 1, 1, 1, 1, 1, 1, 1, 0, 0, 0, 0, 0, 0, 0, 0, 0, 0, 0, 0, 0, 0, 0, 0, 0, 0, 0, 0, 0, 0, 0, 0, 0, 0, 0, 0, 0, 0, 0, 0, 0, 0, 0, 0, 0, 0, 0, 0, 0, 0, 0, 0, 0, 0, 0, 0, 0, 0, 0, 0, 0, 0, 0, 0, 0, 0, 0, 0, 0, 0, 0, 0, 0, 0, 1, 0]}