{"arch": {"stem.linear_prep.1": [1, 0, 0, 0], "encoder.layer.layers.ops.0": [0, 1, 0, 0, 0, 0, 0], "encoder.layer.layers.ops.1": [0, 0, 0, 1, 0, 0, 0], "encoder.layer.layers.ops.2": [0, 0, 0, 0, 0, 0, 1], "encoder.layer.layers.ops.3": [0, 0, 0, 1, 0, 0, 0], "head.layers.2": [0, 1, 0], "encoder.layer.layers": [1, 1, 1, 1], "decoder.layer.layers.repeated_layer": [1, 1], "encoder.layer.layers.ops.1.ops.3.split_layer.layers.0.heads": [1, 0, 0, 0, 0, 0, 0, 0], "encoder.layer.layers.ops.2.ops.6.split_layer.layers.0.heads": [1, 0, 0, 0, 0, 0, 0, 0], "encoder.layer.layers.ops.3.ops.3.split_layer.layers.0.heads": [1, 1, 1, 1, 1, 1, 1, 1], "decoder.layer.layers.repeated_layer.ops.0.self_attention.heads": [1, 1, 1, 1, 0, 0, 0, 0], "decoder.layer.layers.repeated_layer.ops.0.enc_attention.heads": [1, 1, 1, 1, 1, 1, 1, 1], "decoder.layer.layers.repeated_layer.ops.1.self_attention.heads": [1, 0, 0, 0, 0, 0, 0, 0], "decoder.layer.layers.repeated_layer.ops.1.enc_attention.heads": [1, 1, 1, 1, 0, 0, 0, 0], "stem.linear_prep.2": 1, "position_encoding": 1, "encoder": 1, "decoder": 1, "head.layers.1": 1}, "score": 0.7770828604698181, "arch_code": [1, 0, 0, 0, 1, 1, 1, 1, 1, 1, 0, 1, 0, 0, 0, 0, 0, 0, 0, 0, 1, 0, 0, 0, 0, 0, 0, 0, 0, 0, 1, 0, 0, 0, 1, 0, 0, 0, 0, 0, 0, 0, 0, 0, 0, 0, 1, 0, 0, 0, 0, 0, 0, 0, 1, 0, 0, 0, 0, 0, 0, 0, 1, 1, 1, 1, 1, 1, 1, 1, 1, 1, 1, 0, 0, 0, 0, 0, 0, 1, 0, 0, 0, 0, 0, 0, 1, 1, 1, 1, 0, 0, 0, 0, 1, 0, 0, 0, 0, 0, 0, 0, 1, 1, 1, 1, 1, 1, 1, 1, 1, 1, 1, 1, 0, 0, 0, 0, 1, 0, 1, 0]}