{"arch": {"stem.linear_prep.1": [1, 0, 0, 0], "encoder.layer.layers.ops.0": [0, 0, 0, 0, 0, 0, 1], "head.layers.2": [0, 0, 1], "encoder.layer.layers": [1, 0, 0, 0], "decoder.layer.layers.repeated_layer": [1, 0], "encoder.layer.layers.ops.0.ops.6.split_layer.layers.0.heads": [1, 1, 0, 0, 0, 0, 0, 0], "decoder.layer.layers.repeated_layer.ops.0.self_attention.heads": [1, 1, 0, 0, 0, 0, 0, 0], "decoder.layer.layers.repeated_layer.ops.0.enc_attention.heads": [1, 1, 1, 1, 1, 1, 1, 1], "stem.linear_prep.2": 1, "position_encoding": 1, "encoder": 1, "decoder": 1, "head.layers.1": 0}, "score": 0.7774463891983032, "arch_code": [1, 0, 0, 0, 1, 1, 1, 0, 0, 0, 0, 0, 0, 0, 0, 0, 1, 0, 0, 0, 0, 0, 0, 0, 0, 0, 0, 0, 0, 0, 0, 0, 0, 0, 0, 0, 0, 0, 1, 1, 0, 0, 0, 0, 0, 0, 0, 0, 0, 0, 0, 0, 0, 0, 0, 0, 0, 0, 0, 0, 0, 0, 0, 0, 0, 0, 0, 0, 0, 0, 1, 0, 1, 0, 0, 0, 0, 0, 0, 0, 0, 0, 0, 0, 0, 0, 1, 1, 0, 0, 0, 0, 0, 0, 0, 0, 0, 0, 0, 0, 0, 0, 1, 1, 1, 1, 1, 1, 1, 1, 0, 0, 0, 0, 0, 0, 0, 0, 0, 0, 0, 1]}