{"arch": {"stem.linear_prep.1": [0, 0, 0, 1], "encoder.layer.layers.ops.0": [0, 0, 0, 0, 0, 1, 0], "encoder.layer.layers.ops.1": [0, 0, 1, 0, 0, 0, 0], "head.layers.2": [0, 1, 0], "encoder.layer.layers": [1, 1, 0, 0], "stem.linear_prep.2": 1, "position_encoding": 0, "encoder": 1, "decoder": 0, "head.layers.1": 1}, "score": 0.7821779251098633, "arch_code": [0, 0, 0, 1, 1, 0, 1, 1, 0, 0, 0, 0, 0, 0, 0, 1, 0, 0, 0, 1, 0, 0, 0, 0, 0, 0, 0, 0, 0, 0, 0, 0, 0, 0, 0, 0, 0, 0, 0, 0, 0, 0, 0, 0, 0, 0, 0, 0, 0, 0, 0, 0, 0, 0, 0, 0, 0, 0, 0, 0, 0, 0, 0, 0, 0, 0, 0, 0, 0, 0, 0, 0, 0, 0, 0, 0, 0, 0, 0, 0, 0, 0, 0, 0, 0, 0, 0, 0, 0, 0, 0, 0, 0, 0, 0, 0, 0, 0, 0, 0, 0, 0, 0, 0, 0, 0, 0, 0, 0, 0, 0, 0, 0, 0, 0, 0, 0, 0, 1, 0, 1, 0]}