{"arch": {"stem.linear_prep.1": [0, 1, 0, 0], "head.layers.2": [0, 0, 1], "decoder.layer.layers.repeated_layer": [1, 1], "decoder.layer.layers.repeated_layer.ops.0.self_attention.heads": [1, 1, 0, 0, 0, 0, 0, 0], "decoder.layer.layers.repeated_layer.ops.0.enc_attention.heads": [1, 0, 0, 0, 0, 0, 0, 0], "decoder.layer.layers.repeated_layer.ops.1.self_attention.heads": [1, 1, 0, 0, 0, 0, 0, 0], "decoder.layer.layers.repeated_layer.ops.1.enc_attention.heads": [1, 1, 1, 1, 0, 0, 0, 0], "stem.linear_prep.2": 0, "position_encoding": 0, "encoder": 0, "decoder": 1, "head.layers.1": 1}, "score": 0.7720758318901062, "arch_code": [0, 1, 0, 0, 0, 0, 0, 0, 0, 0, 0, 0, 0, 0, 0, 0, 0, 0, 0, 0, 0, 0, 0, 0, 0, 0, 0, 0, 0, 0, 0, 0, 0, 0, 0, 0, 0, 0, 0, 0, 0, 0, 0, 0, 0, 0, 0, 0, 0, 0, 0, 0, 0, 0, 0, 0, 0, 0, 0, 0, 0, 0, 0, 0, 0, 0, 0, 0, 0, 0, 1, 1, 1, 0, 0, 0, 0, 0, 0, 1, 0, 0, 0, 0, 0, 0, 1, 1, 0, 0, 0, 0, 0, 0, 1, 1, 0, 0, 0, 0, 0, 0, 1, 0, 0, 0, 0, 0, 0, 0, 1, 1, 1, 1, 0, 0, 0, 0, 1, 0, 0, 1]}