{"arch": {"stem.linear_prep.1": [0, 1, 0, 0], "encoder.layer.layers.ops.0": [1, 0, 0, 0, 0, 0, 0], "head.layers.2": [0, 0, 1], "encoder.layer.layers": [1, 0, 0, 0], "encoder.layer.layers.ops.0.ops.0.split_layer.layers.0.heads": [1, 0, 0, 0, 0, 0, 0, 0], "stem.linear_prep.2": 0, "position_encoding": 0, "encoder": 1, "decoder": 0, "head.layers.1": 1}, "score": 0.7734735608100891, "arch_code": [0, 1, 0, 0, 0, 0, 1, 0, 0, 0, 1, 0, 0, 0, 0, 0, 0, 0, 0, 0, 0, 0, 0, 0, 0, 0, 0, 0, 0, 0, 0, 0, 0, 0, 0, 0, 0, 0, 1, 0, 0, 0, 0, 0, 0, 0, 0, 0, 0, 0, 0, 0, 0, 0, 0, 0, 0, 0, 0, 0, 0, 0, 0, 0, 0, 0, 0, 0, 0, 0, 0, 0, 0, 0, 0, 0, 0, 0, 0, 0, 0, 0, 0, 0, 0, 0, 0, 0, 0, 0, 0, 0, 0, 0, 0, 0, 0, 0, 0, 0, 0, 0, 0, 0, 0, 0, 0, 0, 0, 0, 0, 0, 0, 0, 0, 0, 0, 0, 1, 0, 0, 1]}