{"arch": {"stem.linear_prep.1": [0, 1, 0, 0], "encoder.layer.layers.ops.0": [1, 0, 0, 0, 0, 0, 0], "head.layers.2": [0, 1, 0], "encoder.layer.layers": [1, 0, 0, 0], "encoder.layer.layers.ops.0.ops.0.split_layer.layers.0.heads": [1, 1, 0, 0, 0, 0, 0, 0], "stem.linear_prep.2": 1, "position_encoding": 1, "encoder": 1, "decoder": 0, "head.layers.1": 0}, "score": 0.779297947883606, "arch_code": [0, 1, 0, 0, 1, 1, 1, 0, 0, 0, 1, 0, 0, 0, 0, 0, 0, 0, 0, 0, 0, 0, 0, 0, 0, 0, 0, 0, 0, 0, 0, 0, 0, 0, 0, 0, 0, 0, 1, 1, 0, 0, 0, 0, 0, 0, 0, 0, 0, 0, 0, 0, 0, 0, 0, 0, 0, 0, 0, 0, 0, 0, 0, 0, 0, 0, 0, 0, 0, 0, 0, 0, 0, 0, 0, 0, 0, 0, 0, 0, 0, 0, 0, 0, 0, 0, 0, 0, 0, 0, 0, 0, 0, 0, 0, 0, 0, 0, 0, 0, 0, 0, 0, 0, 0, 0, 0, 0, 0, 0, 0, 0, 0, 0, 0, 0, 0, 0, 0, 0, 1, 0]}