{"arch": {"stem.linear_prep.1": [0, 0, 0, 1], "encoder.layer.layers.ops.0": [0, 0, 1, 0, 0, 0, 0], "head.layers.2": [0, 0, 1], "encoder.layer.layers": [1, 0, 0, 0], "stem.linear_prep.2": 0, "position_encoding": 1, "encoder": 1, "decoder": 0, "head.layers.1": 0}, "score": 0.7893334627151489, "arch_code": [0, 0, 0, 1, 0, 1, 1, 0, 0, 0, 0, 0, 1, 0, 0, 0, 0, 0, 0, 0, 0, 0, 0, 0, 0, 0, 0, 0, 0, 0, 0, 0, 0, 0, 0, 0, 0, 0, 0, 0, 0, 0, 0, 0, 0, 0, 0, 0, 0, 0, 0, 0, 0, 0, 0, 0, 0, 0, 0, 0, 0, 0, 0, 0, 0, 0, 0, 0, 0, 0, 0, 0, 0, 0, 0, 0, 0, 0, 0, 0, 0, 0, 0, 0, 0, 0, 0, 0, 0, 0, 0, 0, 0, 0, 0, 0, 0, 0, 0, 0, 0, 0, 0, 0, 0, 0, 0, 0, 0, 0, 0, 0, 0, 0, 0, 0, 0, 0, 0, 0, 0, 1]}